{
    "items": [
        {
  "type": ["h-entry"],
  "properties": {
    "content": ["Alexander Rozhenko, son of wolf on Star trek:TNG/DS9, [Jon Paul Steuer](http://www.news.com.au/entertainment/celebrity-life/former-star-trek-actor-jon-paul-steuer-dies-aged-33/news-story/9dc7d7bbfc2928c91a628cf37bd56471) died @ 33"],
		"published": ["2018-01-06"],
		 "like-of": ["http://www.news.com.au/entertainment/celebrity-life/former-star-trek-actor-jon-paul-steuer-dies-aged-33/news-story/9dc7d7bbfc2928c91a628cf37bd56471"]
  }
}]}
