{
    "items": [
        {
            "type": [
                "h-entry"
            ],
            "properties": {
                "syndication": [
                    "https:\/\/www.facebook.com\/tom.sparks.106\/posts\/993984567433853"
                ],
                "published": [
                    "2018-02-04T01:32:02+0000"
                ],
                "like-of": [
                    "https:\/\/ted.com\/talks\/eric_whitacre_a_virtual_choir_2_000_voices_strong?utm_source=facebook.com&utm_medium=social&utm_campaign=tedspread--b"
                ]
            },
            "children": [
                {
                    "type": [
                        "h-cite"
                    ],
                    "properties": {
                        "name": [
                            "A virtual choir 2,000 voices strong"
                        ],
                        "content": [
                            "In a moving and madly viral video last year, composer Eric Whitacre led a virtual choir of singers from around the world. He talks through the creative challenges of making music powered by YouTube, and unveils the first 2 minutes of his new work, \"Sleep,\" with a video choir of 2,052. The full piece..."
                        ],
                        "url": [
                            "https:\/\/ted.com\/talks\/eric_whitacre_a_virtual_choir_2_000_voices_strong?utm_source=facebook.com&utm_medium=social&utm_campaign=tedspread--b"
                        ]
                    }
                }
            ]
        }
    ]
}