{
    "items": [
        {
            "type": [
                "h-entry"
            ],
            "properties": {
                "syndication": [
                    "https:\/\/www.facebook.com\/tom.sparks.106\/posts\/991263434372633"
                ],
                "published": [
                    "2018-01-31T16:59:33+0000"
                ],
                "content": {
                    "value": "sue.maynes",
                    "html": "sue.maynes"
                },
                "like-of": [
                    "http:\/\/www.abc.net.au\/news\/2018-01-31\/cabinet-files-reveal-inner-government-decisions\/9168442"
                ]
            },
            "children": [
                {
                    "type": [
                        "h-cite"
                    ],
                    "properties": {
                        "name": [
                            "The op-shop find that exposed our politicians' secrets"
                        ],
                        "content": [
                            "They should have remained sealed for at least 20 years. But now, these top-secret government documents are yours to explore."
                        ],
                        "url": [
                            "http:\/\/www.abc.net.au\/news\/2018-01-31\/cabinet-files-reveal-inner-government-decisions\/9168442"
                        ]
                    }
                }
            ]
        }
    ]
}