{
    "items": [
        {
            "type": [
                "h-entry"
            ],
            "properties": {
                "syndication": [
                    "https:\/\/www.facebook.com\/tom.sparks.106\/posts\/982322775266699"
                ],
                "published": [
                    "2018-01-16T05:07:17+0000"
                ],
                "content": {
                    "value": "note: i have silo quited",
                    "html": "note: i have silo quited"
                },
                "like-of": [
                    "https:\/\/www.youtube.com\/attribution_link?a=SjLTx1p6qp0&u=%2Fwatch%3Fv%3DQDwN41Px_sY%26feature%3Dshare"
                ]
            },
            "children": [
                {
                    "type": [
                        "h-cite"
                    ],
                    "properties": {
                        "name": [
                            "The Most Expensive Way to Steal Music \ud83c\udfb6\ud83d\ude02"
                        ],
                        "content": [
                            "Today, we're finding out if you can cast a playable record out of resin! Subscribe & \u201cRing the Bell\u201d: https:\/\/goo.gl\/618xWm Slow-Cure Resin: http:\/\/amzn.to\/2..."
                        ],
                        "url": [
                            "https:\/\/www.youtube.com\/attribution_link?a=SjLTx1p6qp0&u=%2Fwatch%3Fv%3DQDwN41Px_sY%26feature%3Dshare"
                        ]
                    }
                }
            ]
        }
    ]
}