{
    "items": [
        {
            "type": [
                "h-entry"
            ],
            "properties": {
                "syndication": [
                    "https:\/\/www.facebook.com\/tom.sparks.106\/posts\/937357829763194"
                ],
                "published": [
                    "2017-10-19T08:33:47+0000"
                ],
                "content": {
                    "value": "\"You're here because you know something. What you know you can't explain, but you feel it. You've felt it your entire life, that there's something wrong with the world [wide web].\" \u2014 Morpheus, The Matrix\n\nI am in the process of quitting all social media silo\n\n",
                    "html": "\"You're here because you know something. What you know you can't explain, but you feel it. You've felt it your entire life, that there's something wrong with the world [wide web].\" \u2014 Morpheus, The Matrix\n\nI am in the process of quitting all social media silo\n\n"
                },
                "like-of": [
                    "https:\/\/indieweb.org\/why"
                ]
            },
            "children": [
                {
                    "type": [
                        "h-cite"
                    ],
                    "properties": {
                        "name": [
                            "why - IndieWeb"
                        ],
                        "content": [
                            "Our online content and identities are becoming more important and sometimes even critical to our lives. Neither are secure in the hands of random ephemeral startups or big silos. We should be the holders of our online presence."
                        ],
                        "url": [
                            "https:\/\/indieweb.org\/why"
                        ]
                    }
                }
            ]
        }
    ]
}