{
    "items": [
        {
            "type": [
                "h-entry"
            ],
            "properties": {
                "syndication": [
                    "https:\/\/www.facebook.com\/tom.sparks.106\/posts\/1009048339260809"
                ],
                "published": [
                    "2018-03-02T19:58:28+0000"
                ],
                "content": {
                    "value": "wow",
                    "html": "wow"
                },
                "like-of": [
                    "https:\/\/ted.com\/talks\/sue_austin_deep_sea_diving_in_a_wheelchair?utm_source=facebook.com&utm_medium=social&utm_campaign=tedspread"
                ]
            },
            "children": [
                {
                    "type": [
                        "h-cite"
                    ],
                    "properties": {
                        "name": [
                            "Deep sea diving ... in a wheelchair"
                        ],
                        "content": [
                            "When Sue Austin got a power wheelchair, she felt a tremendous sense of freedom -- yet others looked at her as though she had lost something. In her art, she conveys the spirit of wonder she feels wheeling through the world. Includes thrilling footage of an underwater wheelchair that lets her explore..."
                        ],
                        "url": [
                            "https:\/\/ted.com\/talks\/sue_austin_deep_sea_diving_in_a_wheelchair?utm_source=facebook.com&utm_medium=social&utm_campaign=tedspread"
                        ]
                    }
                }
            ]
        }
    ]
}