{
    "items": [
        {
            "type": [
                "h-entry"
            ],
            "properties": {
                "syndication": [
                    "https:\/\/www.facebook.com\/tom.sparks.106\/posts\/1001125966719713"
                ],
                "published": [
                    "2018-02-16T23:45:53+0000"
                ],
                "like-of": [
                    "https:\/\/boingboing.net\/2018\/02\/16\/watch-this-artist-create-photo.html"
                ]
            },
            "children": [
                {
                    "type": [
                        "h-cite"
                    ],
                    "properties": {
                        "name": [
                            "Watch this artist create photorealistic embroidery portraits"
                        ],
                        "content": [
                            "Verso is a lovely documentary about embroidery artist Cayce Zavaglia (previously), who creates beautiful portraits via embroidery."
                        ],
                        "url": [
                            "https:\/\/boingboing.net\/2018\/02\/16\/watch-this-artist-create-photo.html"
                        ]
                    }
                }
            ]
        }
    ]
}