{
    "items": [
        {
            "type": [
                "h-entry"
            ],
            "properties": {
                "syndication": [
                    "https:\/\/www.facebook.com\/tom.sparks.106\/posts\/987530231412620"
                ],
                "published": [
                    "2018-01-25T01:01:53+0000"
                ],
                "like-of": [
                    "https:\/\/www.godaddy.com\/garage\/indieweb-facebook-opportunities\/"
                ]
            },
            "children": [
                {
                    "type": [
                        "h-cite"
                    ],
                    "properties": {
                        "name": [
                            "The IndieWeb outside of Facebook is full of opportunities - The Garage"
                        ],
                        "content": [
                            "Promote your own site, or promote on Facebook? Turns out you can do both, and do even better: have your website join the IndieWeb."
                        ],
                        "url": [
                            "https:\/\/www.godaddy.com\/garage\/indieweb-facebook-opportunities\/"
                        ]
                    }
                }
            ]
        }
    ]
}