{
    "items": [
        {
            "type": [
                "h-entry"
            ],
            "properties": {
                "syndication": [
                    "https:\/\/www.facebook.com\/tom.sparks.106\/posts\/1016047508560892"
                ],
                "published": [
                    "2018-03-13T08:48:01+0000"
                ],
                "content": {
                    "value": "Sue Maynes",
                    "html": "Sue Maynes"
                },
                "like-of": [
                    "https:\/\/www.youtube.com\/attribution_link?a=gwt3WqeCEIE&u=%2Fwatch%3Fv%3DmQUhJTxK5mA%26feature%3Dshare"
                ]
            },
            "children": [
                {
                    "type": [
                        "h-cite"
                    ],
                    "properties": {
                        "name": [
                            "Who Controls All of Our Money?"
                        ],
                        "content": [
                            "Subscribe here: https:\/\/goo.gl\/9FS8uF Check out the previous episode: https:\/\/www.youtube.com\/watch?v=vtXybjiR3vY Become a Patreon!: https:\/\/www.patreon.com\/..."
                        ],
                        "url": [
                            "https:\/\/www.youtube.com\/attribution_link?a=gwt3WqeCEIE&u=%2Fwatch%3Fv%3DmQUhJTxK5mA%26feature%3Dshare"
                        ]
                    }
                }
            ]
        }
    ]
}