{
    "items": [
        {
            "type": [
                "h-entry"
            ],
            "properties": {
                "syndication": [
                    "https:\/\/www.facebook.com\/tom.sparks.106\/posts\/991758014323175"
                ],
                "published": [
                    "2018-02-01T16:59:37+0000"
                ],
                "like-of": [
                    "https:\/\/www.youtube.com\/attribution_link?a=QfycONtjmIU&u=%2Fwatch%3Fv%3DFIQBOgL4gV8%26feature%3Dshare"
                ]
            },
            "children": [
                {
                    "type": [
                        "h-cite"
                    ],
                    "properties": {
                        "name": [
                            "DIRTY SWIRL POUR Creating Fluid Art with Acrylic Pouring Technique NO SILICONE"
                        ],
                        "content": [
                            "Recommended Supplies for creating Fluid Art and Acrylic Pouring Techniques can be found here. https:\/\/www.amazon.com\/shop\/nickyjamesburch There was NO silico..."
                        ],
                        "url": [
                            "https:\/\/www.youtube.com\/attribution_link?a=QfycONtjmIU&u=%2Fwatch%3Fv%3DFIQBOgL4gV8%26feature%3Dshare"
                        ]
                    }
                }
            ]
        }
    ]
}