{
    "items": [
        {
            "type": [
                "h-entry"
            ],
            "properties": {
                "syndication": [
                    "https://twitter.com/tomasparksts/status/966573743567851520"
                ],
                "published": [
                    "2018-02-22T07:21:53+00:00"
                ],
        "in-reply-to": [
          "https://twitter.com/PushinUpRoses/status/966545828222554114"
        ], 
        "content": [
          {
            "html": "WTF did I watch", 
            "value": "WTF did I watch"
          }
        ]
            }
        }
    ]
}
