{
    "items": [
        {
            "type": [
                "h-entry"
            ],
            "properties": {
                "syndication": [
                    "https://twitter.com/tomasparksts/status/967073690771795968"
                ],
                "published": [
                    "2018-02-23T16:28:29+00:00"
                ],
        "content": [
          {
            "html": "<a href=\"https://twitter.com/PeterTattam\">@PeterTattam</a> I would like to hear on <a href=\"https://twitter.com/brianmcc\">@brianmcc</a> 's <a href=\"https://twitter.com/NetHistoryPod\">@NetHistoryPod</a>", 
            "value": "@PeterTattam I would like to hear on @brianmcc 's @NetHistoryPod"
          }
        ]
            }
        }
    ]
}
