{
    "items": [
        {
            "type": [
                "h-entry"
            ],
            "properties": {
                "syndication": [
                    "https://twitter.com/tomasparksts/status/967091060101935104"
                ],
                "published": [
                    "2018-02-23T17:37:31+00:00"
                ],
        "content": [
                  {
            "html": "\ud83c\udfa7 Listened to 129. Michael March on the Indie ISP Industry, and the Birth of Online Spam (Internet History Podcast) By Brian McCullough <a href=\"https://twitter.com/brianmcc\">@brianmcc</a>", 
            "value": "\ud83c\udfa7 Listened to 129. Michael March on the Indie ISP Industry, and the Birth of Online Spam (Internet History Podcast) By Brian McCullough @brianmcc"
          }
        ]
            }
        }
    ]
}
