{
    "items": [
        {
            "type": [
                "h-entry"
            ],
            "properties": {
                "syndication": [
                    "https://twitter.com/tomasparksts/status/967103395432665088"
                ],
                "published": [
                    "2018-02-23T18:26:32+00:00"
                ],
        "content": [
          {
            "html": "\ud83c\udfa7 Listened to 130. AOL, AIM, Chat Rooms, The Time Warner Merger--- AOL's History with Joe Schober (Internet History Podcast) By Brian McCullough <a href=\"https://twitter.com/brianmcc\">@brianmcc</a>", 
            "value": "\ud83c\udfa7 Listened to 130. AOL, AIM, Chat Rooms, The Time Warner Merger--- AOL's History with Joe Schober (Internet History Podcast) By Brian McCullough @brianmcc"
          }
        ]
            }
        }
    ]
}
