{
	"items": [{
	"type": [
		"h-entry"
	],
	"properties": {
					"content": [{
				"html": "photos with Gran RIP",
				"value": "photos with Gran RIP"
			}],
		"syndication": ["https://www.facebook.com/tom.sparks.106/posts/659177124247934"],
		"published": ["Monday, June 27, 2016 6:51pm"],
		"children": [{
				"type": ["h-entry"],
				"properties": {
					"photo": ["./bef751ed86f31a78952da34e916489f79dc4c529.jpg"],
					"content": ["Gran's 80th birthday"],
					"syndication": ["https://www.facebook.com/photo.php?fbid=659174780914835", "https://www.facebook.com/934483560050621/posts/659174780914835"],
					"published": "Monday, June 27, 2016 6:51pm",
					"category": [
							{"type": ["h-card"],"properties": {"name": "Melinda Dean"}},
							{"type": ["h-card"],"properties": {"name": "Dannie-Marie Dean"}},
							{"type": ["h-card"],"properties": {"name": "Sue Mayes"}},
							{"type": ["h-card"],"properties": {"name": "Amber Mayes"}},
							{"type": ["h-card"],"properties": {"name": "Luke mayes"}},
							{"type": ["h-card"],"properties": {"name": "Richard petch"}},
							{"type": ["h-card"],"properties": {"name": "Tom sparks"}},
							{"type": ["h-card"],"properties": {"name": "Ken Dean"}},
							{"type": ["h-card"],"properties": {"name": "Kathy Dean"}}							
					]
				}
			},
			{
					"type": ["h-entry"],
					"properties": {
						"photo": ["./a8209232f509401d2799220f6db155cc8658e26c.jpg"],
						"content": [""],
						"syndication": ["https://www.facebook.com/photo.php?fbid=659176190914694", "https://www.facebook.com/934483560050621/posts/659176190914694"],
						"published": "Monday, June 27, 2016 6:51pm",
						"category": [
							{"type": ["h-card"],"properties": {"name": "Sue Mayes"}},
							{"type": ["h-card"],"properties": {"name": "Amber Mayes"}},
							{"type": ["h-card"],"properties": {"name": "Kathy Dean"}}	
							]

					}
				},
				{
					"type": ["h-entry"],
					"properties": {
						"photo": ["./f1d0b914994f83b32e2d684dd3b576fc4f88543e.jpg"],
						"content": [""],
						"syndication": ["https://www.facebook.com/photo.php?fbid=659176324248014", "https://www.facebook.com/934483560050621/posts/659176324248014"],
						"published": "Monday, June 27, 2016 6:51pm",
						"category": [
							{"type": ["h-card"],"properties": {"name": "Dannie-Marie Dean"}},
							{"type": ["h-card"],"properties": {"name": "Sue Mayes"}},
							{"type": ["h-card"],"properties": {"name": "Amber Mayes"}},
							{"type": ["h-card"],"properties": {"name": "Luke mayes"}},
							{"type": ["h-card"],"properties": {"name": "Ken Dean"}},
							{"type": ["h-card"],"properties": {"name": "Kathy Dean"}}	
						]

					}
				},
				{
					"type": ["h-entry"],
					"properties": {
						"photo": ["./c26808e7a66e0998aa4a5ba4dba5ec2d8779b21b.jpg"],
						"content": [""],
						"syndication": ["https://www.facebook.com/photo.php?fbid=659176210914692"],
						"published": "Monday, June 27, 2016 6:51pm",
						"category": [
							{"type": ["h-card"],"properties": {"name": "Melinda Dean"}},
							{"type": ["h-card"],"properties": {"name": "Dannie-Marie Dean"}},
							{"type": ["h-card"],"properties": {"name": "Aylson Dean"}},
							{"type": ["h-card"],"properties": {"name": "Ken Dean"}},
							{"type": ["h-card"],"properties": {"name": "Kathy Dean"}},	
							{"type": ["h-card"],"properties": {"name": "Sue Mayes"}}	
						]

					}
				},
				{
					"type": [
						"h-entry"
					],
					"properties": {
						"photo": ["./538d57001944a384569edcd044957cc3add8964a.jpg"],
						"content": [""],
						"syndication": ["https://www.facebook.com/photo.php?fbid=659176314248015", "https://www.facebook.com/934483560050621/posts/659176314248015"],
						"published": "Monday, June 27, 2016 6:51pm",
											"category": [
							{"type": ["h-card"],"properties": {"name": "Melinda Dean"}},
							{"type": ["h-card"],"properties": {"name": "Dannie-Marie Dean"}},
							{"type": ["h-card"],"properties": {"name": "Tom sparks"}},
							{"type": ["h-card"],"properties": {"name": "Ken Dean"}},
							{"type": ["h-card"],"properties": {"name": "Kathy Dean"}}							
					]
					}
				},
				{
					"type": [
						"h-entry"
					],
					"properties": {
						"photo": ["./71efea26b88e45d8c66ae056810084472288a670.jpg"],
						"content": [""],
						"syndication": ["https://www.facebook.com/photo.php?fbid=659177007581279", "https://www.facebook.com/934483560050621/posts/659177007581279"],
						"published": "Monday, June 27, 2016 6:51pm",
						"category": [						
						{"type": ["h-card"],"properties": {"name": "Amber Mayes"}}, 							
						{"type": ["h-card"],"properties": {"name": "Kathy Dean"}}							
						]

					}
				}
			]
		}
}]}
