{
	"items": [{
  "type": ["h-entry"],
  "properties": {
    "content": [{
    "html": "\"You're here because you know something. What you know you can't explain, but you feel it. You've felt it your entire life, that there's something wrong with the world [wide web].\" — Morpheus, The Matrix<br /><br />I am in the process of quitting all social media silo https://indieweb.org/why",
    "value": "\"You're here because you know something. What you know you can't explain, but you feel it. You've felt it your entire life, that there's something wrong with the world [wide web].\" — Morpheus, The Matrix<br /><br />I am in the process of quitting all social media silo https://indieweb.org/why"
    }
    ],
"syndication": [
			"https://www.facebook.com/tom.sparks.106/posts/937357829763194"
		],
		"published": ["2017-10-19"]
  }
}]}
